id_sint,k,modo,constructo,cond,forma_gamma,mezcla,min_detectable,potencia_max,mag_max
0,4,ar1,E215C,10uM,1,equilibrada,0.2,1,0.5
0,4,limping,E215C,10uM,1,equilibrada,0.5,1,0.5
0,8,ar1,E215C,10uM,1,equilibrada,0.2,1,0.5
0,8,limping,E215C,10uM,1,equilibrada,0.5,0.992,0.5
1,4,ar1,E215C,10uM,1,dominante_8nm,0.2,1,0.5
1,4,limping,E215C,10uM,1,dominante_8nm,0.5,1,0.5
1,8,ar1,E215C,10uM,1,dominante_8nm,0.2,1,0.5
1,8,limping,E215C,10uM,1,dominante_8nm,0.5,0.998,0.5
2,4,ar1,E215C,10uM,1,sesgada_4nm,0.2,1,0.5
2,4,limping,E215C,10uM,1,sesgada_4nm,0.5,0.996,0.5
2,8,ar1,E215C,10uM,1,sesgada_4nm,0.2,1,0.5
2,8,limping,E215C,10uM,1,sesgada_4nm,0.5,0.994,0.5
3,4,ar1,E215C,10uM,2,equilibrada,0.2,1,0.5
3,4,limping,E215C,10uM,2,equilibrada,0.35,1,0.5
3,8,ar1,E215C,10uM,2,equilibrada,0.2,1,0.5
3,8,limping,E215C,10uM,2,equilibrada,0.35,1,0.5
4,4,ar1,E215C,10uM,2,dominante_8nm,0.2,1,0.5
4,4,limping,E215C,10uM,2,dominante_8nm,0.35,1,0.5
4,8,ar1,E215C,10uM,2,dominante_8nm,0.2,1,0.5
4,8,limping,E215C,10uM,2,dominante_8nm,0.35,1,0.5
5,4,ar1,E215C,10uM,2,sesgada_4nm,0.2,1,0.5
5,4,limping,E215C,10uM,2,sesgada_4nm,0.35,1,0.5
5,8,ar1,E215C,10uM,2,sesgada_4nm,0.2,1,0.5
5,8,limping,E215C,10uM,2,sesgada_4nm,0.35,1,0.5
6,4,ar1,E215C,100uM,1,equilibrada,0.35,1,0.5
6,4,limping,E215C,100uM,1,equilibrada,0.5,0.804,0.5
6,8,ar1,E215C,100uM,1,equilibrada,0.35,1,0.5
6,8,limping,E215C,100uM,1,equilibrada,,0.48,0.5
7,4,ar1,E215C,100uM,1,dominante_8nm,0.35,1,0.5
7,4,limping,E215C,100uM,1,dominante_8nm,,0.792,0.5
7,8,ar1,E215C,100uM,1,dominante_8nm,0.35,1,0.5
7,8,limping,E215C,100uM,1,dominante_8nm,,0.504,0.5
8,4,ar1,E215C,100uM,1,sesgada_4nm,0.35,1,0.5
8,4,limping,E215C,100uM,1,sesgada_4nm,,0.748,0.5
8,8,ar1,E215C,100uM,1,sesgada_4nm,0.35,1,0.5
8,8,limping,E215C,100uM,1,sesgada_4nm,,0.5,0.5
9,4,ar1,E215C,100uM,2,equilibrada,0.35,1,0.5
9,4,limping,E215C,100uM,2,equilibrada,0.5,1,0.5
9,8,ar1,E215C,100uM,2,equilibrada,0.35,1,0.5
9,8,limping,E215C,100uM,2,equilibrada,0.5,0.992,0.5
10,4,ar1,E215C,100uM,2,dominante_8nm,0.35,1,0.5
10,4,limping,E215C,100uM,2,dominante_8nm,0.5,1,0.5
10,8,ar1,E215C,100uM,2,dominante_8nm,0.35,0.998,0.5
10,8,limping,E215C,100uM,2,dominante_8nm,0.5,0.994,0.5
11,4,ar1,E215C,100uM,2,sesgada_4nm,0.35,1,0.5
11,4,limping,E215C,100uM,2,sesgada_4nm,0.5,1,0.5
11,8,ar1,E215C,100uM,2,sesgada_4nm,0.35,1,0.5
11,8,limping,E215C,100uM,2,sesgada_4nm,0.5,0.998,0.5
12,4,ar1,E215C,1mM,1,equilibrada,0.2,1,0.5
12,4,limping,E215C,1mM,1,equilibrada,0.5,0.958,0.5
12,8,ar1,E215C,1mM,1,equilibrada,0.35,1,0.5
12,8,limping,E215C,1mM,1,equilibrada,0.5,0.826,0.5
13,4,ar1,E215C,1mM,1,dominante_8nm,0.2,1,0.5
13,4,limping,E215C,1mM,1,dominante_8nm,0.5,0.972,0.5
13,8,ar1,E215C,1mM,1,dominante_8nm,0.35,1,0.5
13,8,limping,E215C,1mM,1,dominante_8nm,0.5,0.84,0.5
14,4,ar1,E215C,1mM,1,sesgada_4nm,0.2,1,0.5
14,4,limping,E215C,1mM,1,sesgada_4nm,0.5,0.966,0.5
14,8,ar1,E215C,1mM,1,sesgada_4nm,0.35,1,0.5
14,8,limping,E215C,1mM,1,sesgada_4nm,0.5,0.826,0.5
15,4,ar1,E215C,1mM,2,equilibrada,0.2,1,0.5
15,4,limping,E215C,1mM,2,equilibrada,0.35,1,0.5
15,8,ar1,E215C,1mM,2,equilibrada,0.35,1,0.5
15,8,limping,E215C,1mM,2,equilibrada,0.5,1,0.5
16,4,ar1,E215C,1mM,2,dominante_8nm,0.2,1,0.5
16,4,limping,E215C,1mM,2,dominante_8nm,0.35,1,0.5
16,8,ar1,E215C,1mM,2,dominante_8nm,0.35,1,0.5
16,8,limping,E215C,1mM,2,dominante_8nm,0.5,1,0.5
17,4,ar1,E215C,1mM,2,sesgada_4nm,0.2,1,0.5
17,4,limping,E215C,1mM,2,sesgada_4nm,0.35,1,0.5
17,8,ar1,E215C,1mM,2,sesgada_4nm,0.35,1,0.5
17,8,limping,E215C,1mM,2,sesgada_4nm,0.5,1,0.5
18,4,ar1,K28C,10uM,1,equilibrada,0.2,1,0.5
18,4,limping,K28C,10uM,1,equilibrada,0.5,1,0.5
18,8,ar1,K28C,10uM,1,equilibrada,0.2,1,0.5
18,8,limping,K28C,10uM,1,equilibrada,0.5,1,0.5
19,4,ar1,K28C,10uM,1,dominante_8nm,0.2,1,0.5
19,4,limping,K28C,10uM,1,dominante_8nm,0.5,1,0.5
19,8,ar1,K28C,10uM,1,dominante_8nm,0.2,1,0.5
19,8,limping,K28C,10uM,1,dominante_8nm,0.5,0.998,0.5
20,4,ar1,K28C,10uM,1,sesgada_4nm,0.2,1,0.5
20,4,limping,K28C,10uM,1,sesgada_4nm,0.5,1,0.5
20,8,ar1,K28C,10uM,1,sesgada_4nm,0.2,1,0.5
20,8,limping,K28C,10uM,1,sesgada_4nm,0.5,0.994,0.5
21,4,ar1,K28C,10uM,2,equilibrada,0.2,1,0.5
21,4,limping,K28C,10uM,2,equilibrada,0.35,1,0.5
21,8,ar1,K28C,10uM,2,equilibrada,0.2,1,0.5
21,8,limping,K28C,10uM,2,equilibrada,0.35,1,0.5
22,4,ar1,K28C,10uM,2,dominante_8nm,0.2,1,0.5
22,4,limping,K28C,10uM,2,dominante_8nm,0.35,1,0.5
22,8,ar1,K28C,10uM,2,dominante_8nm,0.2,1,0.5
22,8,limping,K28C,10uM,2,dominante_8nm,0.35,1,0.5
23,4,ar1,K28C,10uM,2,sesgada_4nm,0.2,1,0.5
23,4,limping,K28C,10uM,2,sesgada_4nm,0.35,1,0.5
23,8,ar1,K28C,10uM,2,sesgada_4nm,0.2,1,0.5
23,8,limping,K28C,10uM,2,sesgada_4nm,0.35,1,0.5
24,4,ar1,K28C,100uM,1,equilibrada,0.35,1,0.5
24,4,limping,K28C,100uM,1,equilibrada,0.5,0.824,0.5
24,8,ar1,K28C,100uM,1,equilibrada,0.35,1,0.5
24,8,limping,K28C,100uM,1,equilibrada,,0.542,0.5
25,4,ar1,K28C,100uM,1,dominante_8nm,0.35,1,0.5
25,4,limping,K28C,100uM,1,dominante_8nm,,0.796,0.5
25,8,ar1,K28C,100uM,1,dominante_8nm,0.35,1,0.5
25,8,limping,K28C,100uM,1,dominante_8nm,,0.54,0.5
26,4,ar1,K28C,100uM,1,sesgada_4nm,0.35,1,0.5
26,4,limping,K28C,100uM,1,sesgada_4nm,0.5,0.802,0.5
26,8,ar1,K28C,100uM,1,sesgada_4nm,0.35,1,0.5
26,8,limping,K28C,100uM,1,sesgada_4nm,,0.546,0.5
27,4,ar1,K28C,100uM,2,equilibrada,0.35,1,0.5
27,4,limping,K28C,100uM,2,equilibrada,0.5,1,0.5
27,8,ar1,K28C,100uM,2,equilibrada,0.35,1,0.5
27,8,limping,K28C,100uM,2,equilibrada,0.5,1,0.5
28,4,ar1,K28C,100uM,2,dominante_8nm,0.35,1,0.5
28,4,limping,K28C,100uM,2,dominante_8nm,0.5,1,0.5
28,8,ar1,K28C,100uM,2,dominante_8nm,0.35,1,0.5
28,8,limping,K28C,100uM,2,dominante_8nm,0.5,0.998,0.5
29,4,ar1,K28C,100uM,2,sesgada_4nm,0.35,1,0.5
29,4,limping,K28C,100uM,2,sesgada_4nm,0.5,1,0.5
29,8,ar1,K28C,100uM,2,sesgada_4nm,0.35,1,0.5
29,8,limping,K28C,100uM,2,sesgada_4nm,0.5,0.996,0.5
30,4,ar1,K28C,1mM,1,equilibrada,0.2,1,0.5
30,4,limping,K28C,1mM,1,equilibrada,0.5,0.99,0.5
30,8,ar1,K28C,1mM,1,equilibrada,0.2,1,0.5
30,8,limping,K28C,1mM,1,equilibrada,0.5,0.934,0.5
31,4,ar1,K28C,1mM,1,dominante_8nm,0.2,1,0.5
31,4,limping,K28C,1mM,1,dominante_8nm,0.5,0.998,0.5
31,8,ar1,K28C,1mM,1,dominante_8nm,0.2,1,0.5
31,8,limping,K28C,1mM,1,dominante_8nm,0.5,0.948,0.5
32,4,ar1,K28C,1mM,1,sesgada_4nm,0.2,1,0.5
32,4,limping,K28C,1mM,1,sesgada_4nm,0.5,0.992,0.5
32,8,ar1,K28C,1mM,1,sesgada_4nm,0.2,1,0.5
32,8,limping,K28C,1mM,1,sesgada_4nm,0.5,0.942,0.5
33,4,ar1,K28C,1mM,2,equilibrada,0.2,1,0.5
33,4,limping,K28C,1mM,2,equilibrada,0.35,1,0.5
33,8,ar1,K28C,1mM,2,equilibrada,0.2,1,0.5
33,8,limping,K28C,1mM,2,equilibrada,0.35,1,0.5
34,4,ar1,K28C,1mM,2,dominante_8nm,0.2,1,0.5
34,4,limping,K28C,1mM,2,dominante_8nm,0.35,1,0.5
34,8,ar1,K28C,1mM,2,dominante_8nm,0.2,1,0.5
34,8,limping,K28C,1mM,2,dominante_8nm,0.35,1,0.5
35,4,ar1,K28C,1mM,2,sesgada_4nm,0.2,1,0.5
35,4,limping,K28C,1mM,2,sesgada_4nm,0.35,1,0.5
35,8,ar1,K28C,1mM,2,sesgada_4nm,0.2,1,0.5
35,8,limping,K28C,1mM,2,sesgada_4nm,0.35,1,0.5
36,4,ar1,T324C,10uM,1,equilibrada,0.1,1,0.5
36,4,limping,T324C,10uM,1,equilibrada,0.35,1,0.5
36,8,ar1,T324C,10uM,1,equilibrada,0.2,1,0.5
36,8,limping,T324C,10uM,1,equilibrada,0.5,1,0.5
37,4,ar1,T324C,10uM,1,dominante_8nm,0.1,1,0.5
37,4,limping,T324C,10uM,1,dominante_8nm,0.35,1,0.5
37,8,ar1,T324C,10uM,1,dominante_8nm,0.2,1,0.5
37,8,limping,T324C,10uM,1,dominante_8nm,0.5,1,0.5
38,4,ar1,T324C,10uM,1,sesgada_4nm,0.1,1,0.5
38,4,limping,T324C,10uM,1,sesgada_4nm,0.35,1,0.5
38,8,ar1,T324C,10uM,1,sesgada_4nm,0.2,1,0.5
38,8,limping,T324C,10uM,1,sesgada_4nm,0.5,1,0.5
39,4,ar1,T324C,10uM,2,equilibrada,0.1,1,0.5
39,4,limping,T324C,10uM,2,equilibrada,0.35,1,0.5
39,8,ar1,T324C,10uM,2,equilibrada,0.2,1,0.5
39,8,limping,T324C,10uM,2,equilibrada,0.35,1,0.5
40,4,ar1,T324C,10uM,2,dominante_8nm,0.1,1,0.5
40,4,limping,T324C,10uM,2,dominante_8nm,0.35,1,0.5
40,8,ar1,T324C,10uM,2,dominante_8nm,0.2,1,0.5
40,8,limping,T324C,10uM,2,dominante_8nm,0.35,1,0.5
41,4,ar1,T324C,10uM,2,sesgada_4nm,0.1,1,0.5
41,4,limping,T324C,10uM,2,sesgada_4nm,0.35,1,0.5
41,8,ar1,T324C,10uM,2,sesgada_4nm,0.2,1,0.5
41,8,limping,T324C,10uM,2,sesgada_4nm,0.35,1,0.5
42,4,ar1,T324C,100uM,1,equilibrada,0.2,1,0.5
42,4,limping,T324C,100uM,1,equilibrada,0.5,0.98,0.5
42,8,ar1,T324C,100uM,1,equilibrada,0.35,1,0.5
42,8,limping,T324C,100uM,1,equilibrada,0.5,0.902,0.5
43,4,ar1,T324C,100uM,1,dominante_8nm,0.2,1,0.5
43,4,limping,T324C,100uM,1,dominante_8nm,0.5,0.998,0.5
43,8,ar1,T324C,100uM,1,dominante_8nm,0.35,1,0.5
43,8,limping,T324C,100uM,1,dominante_8nm,0.5,0.918,0.5
44,4,ar1,T324C,100uM,1,sesgada_4nm,0.2,1,0.5
44,4,limping,T324C,100uM,1,sesgada_4nm,0.5,0.99,0.5
44,8,ar1,T324C,100uM,1,sesgada_4nm,0.35,1,0.5
44,8,limping,T324C,100uM,1,sesgada_4nm,0.5,0.894,0.5
45,4,ar1,T324C,100uM,2,equilibrada,0.2,1,0.5
45,4,limping,T324C,100uM,2,equilibrada,0.35,1,0.5
45,8,ar1,T324C,100uM,2,equilibrada,0.35,1,0.5
45,8,limping,T324C,100uM,2,equilibrada,0.35,1,0.5
46,4,ar1,T324C,100uM,2,dominante_8nm,0.2,1,0.5
46,4,limping,T324C,100uM,2,dominante_8nm,0.35,1,0.5
46,8,ar1,T324C,100uM,2,dominante_8nm,0.35,1,0.5
46,8,limping,T324C,100uM,2,dominante_8nm,0.35,1,0.5
47,4,ar1,T324C,100uM,2,sesgada_4nm,0.2,1,0.5
47,4,limping,T324C,100uM,2,sesgada_4nm,0.35,1,0.5
47,8,ar1,T324C,100uM,2,sesgada_4nm,0.35,1,0.5
47,8,limping,T324C,100uM,2,sesgada_4nm,0.35,1,0.5
48,4,ar1,T324C,1mM,1,equilibrada,0.1,1,0.5
48,4,limping,T324C,1mM,1,equilibrada,0.35,1,0.5
48,8,ar1,T324C,1mM,1,equilibrada,0.2,1,0.5
48,8,limping,T324C,1mM,1,equilibrada,0.5,1,0.5
49,4,ar1,T324C,1mM,1,dominante_8nm,0.1,1,0.5
49,4,limping,T324C,1mM,1,dominante_8nm,0.35,1,0.5
49,8,ar1,T324C,1mM,1,dominante_8nm,0.2,1,0.5
49,8,limping,T324C,1mM,1,dominante_8nm,0.5,1,0.5
50,4,ar1,T324C,1mM,1,sesgada_4nm,0.2,1,0.5
50,4,limping,T324C,1mM,1,sesgada_4nm,0.35,1,0.5
50,8,ar1,T324C,1mM,1,sesgada_4nm,0.2,1,0.5
50,8,limping,T324C,1mM,1,sesgada_4nm,0.5,1,0.5
51,4,ar1,T324C,1mM,2,equilibrada,0.1,1,0.5
51,4,limping,T324C,1mM,2,equilibrada,0.35,1,0.5
51,8,ar1,T324C,1mM,2,equilibrada,0.2,1,0.5
51,8,limping,T324C,1mM,2,equilibrada,0.35,1,0.5
52,4,ar1,T324C,1mM,2,dominante_8nm,0.2,1,0.5
52,4,limping,T324C,1mM,2,dominante_8nm,0.35,1,0.5
52,8,ar1,T324C,1mM,2,dominante_8nm,0.2,1,0.5
52,8,limping,T324C,1mM,2,dominante_8nm,0.35,1,0.5
53,4,ar1,T324C,1mM,2,sesgada_4nm,0.1,1,0.5
53,4,limping,T324C,1mM,2,sesgada_4nm,0.35,1,0.5
53,8,ar1,T324C,1mM,2,sesgada_4nm,0.2,1,0.5
53,8,limping,T324C,1mM,2,sesgada_4nm,0.35,1,0.5
